{"cameraMode":{"drawMode":0,"name":"Shaded","section":"Shading Mode"},"sceneLighting":true,"audioPlay":false,"sceneViewState":{"m_AlwaysRefresh":false,"showFog":true,"showSkybox":true,"showFlares":true,"showImageEffects":true,"showParticleSystems":true,"showVisualEffectGraphs":true,"m_FxEnabled":true},"in2DMode":false,"pivot":{"x":236.9642333984375,"y":78.52983093261719,"z":-450.95123291015627},"rotation":{"x":0.0011903684353455902,"y":-0.006902929395437241,"z":-0.0000082494971138658,"w":-0.9999762773513794},"size":204.9888153076172,"orthographic":false}